# a_index,a_value,Tc,T,M
0,0.8,9.999716289940237,0.01,0.9809017974284492
0,0.8,9.999716289940237,0.11090612414081047,0.9939574471761916
0,0.8,9.999716289940237,0.21181224828162096,0.9947601283416625
0,0.8,9.999716289940237,0.31271837242243145,1.000581839478563
0,0.8,9.999716289940237,0.4136244965632419,1.0004419925514922
0,0.8,9.999716289940237,0.5145306207040524,0.9999401474400376
0,0.8,9.999716289940237,0.6154367448448629,0.9993606126874119
0,0.8,9.999716289940237,0.7163428689856733,0.9966830264798741
0,0.8,9.999716289940237,0.8172489931264838,0.990379258736837
0,0.8,9.999716289940237,0.9181551172672943,0.9840640663199755
0,0.8,9.999716289940237,1.0190612414081048,0.975736143348334
0,0.8,9.999716289940237,1.1199673655489153,0.9653379462120816
0,0.8,9.999716289940237,1.2208734896897258,0.9535744155591945
0,0.8,9.999716289940237,1.3217796138305362,0.9391959885716293
0,0.8,9.999716289940237,1.4226857379713467,0.9229067743960532
0,0.8,9.999716289940237,1.5235918621121571,0.904976993790614
0,0.8,9.999716289940237,1.6244979862529676,0.8856569830943181
0,0.8,9.999716289940237,1.725404110393778,0.8651758098488794
0,0.8,9.999716289940237,1.8263102345345885,0.8438427454244223
0,0.8,9.999716289940237,1.927216358675399,0.8218229331446687
0,0.8,9.999716289940237,2.0281224828162094,0.7990709249660509
0,0.8,9.999716289940237,2.1290286069570197,0.7761507249546223
0,0.8,9.999716289940237,2.2299347310978304,0.7528298134206645
0,0.8,9.999716289940237,2.3308408552386406,0.7292696098594388
0,0.8,9.999716289940237,2.4317469793794513,0.705579955402919
0,0.8,9.999716289940237,2.5326531035202615,0.6818556258914542
0,0.8,9.999716289940237,2.633559227661072,0.6582657580522695
0,0.8,9.999716289940237,2.7344653518018824,0.6348793561509263
0,0.8,9.999716289940237,2.835371475942693,0.6117618786852469
0,0.8,9.999716289940237,2.9362776000835034,0.588994936925489
0,0.8,9.999716289940237,3.037183724224314,0.5665104886908336
0,0.8,9.999716289940237,3.1380898483651243,0.5443727837710097
0,0.8,9.999716289940237,3.238995972505935,0.5226146495014901
0,0.8,9.999716289940237,3.3399020966467456,0.5012643669117497
0,0.8,9.999716289940237,3.440808220787556,0.480397431689537
0,0.8,9.999716289940237,3.5417143449283666,0.4600457277716328
0,0.8,9.999716289940237,3.642620469069177,0.44022837526842823
0,0.8,9.999716289940237,3.7435265932099875,0.42095546279403645
0,0.8,9.999716289940237,3.8444327173507977,0.40220694090714015
0,0.8,9.999716289940237,3.9453388414916084,0.383978653862498
0,0.8,9.999716289940237,4.046244965632419,0.3662716238370517
0,0.8,9.999716289940237,4.147151089773229,0.3490971302444471
0,0.8,9.999716289940237,4.24805721391404,0.3324701102969124
0,0.8,9.999716289940237,4.34896333805485,0.3164097172313118
0,0.8,9.999716289940237,4.449869462195661,0.30091563370025604
0,0.8,9.999716289940237,4.550775586336471,0.28597657637061974
0,0.8,9.999716289940237,4.651681710477281,0.2715741931484191
0,0.8,9.999716289940237,4.752587834618092,0.25768889840609366
0,0.8,9.999716289940237,4.853493958758903,0.2443114633091513
0,0.8,9.999716289940237,4.9544000828997135,0.2314413775513832
0,0.8,9.999716289940237,5.055306207040523,0.2190825313030221
0,0.8,9.999716289940237,5.156212331181334,0.20723491096088267
0,0.8,9.999716289940237,5.257118455322145,0.1958890322633122
0,0.8,9.999716289940237,5.358024579462955,0.18502618776106738
0,0.8,9.999716289940237,5.458930703603765,0.17462437526847988
0,0.8,9.999716289940237,5.559836827744576,0.16466611836225975
0,0.8,9.999716289940237,5.6607429518853865,0.1551414932692404
0,0.8,9.999716289940237,5.761649076026197,0.14604697390521895
0,0.8,9.999716289940237,5.862555200167007,0.13737924597048023
0,0.8,9.999716289940237,5.963461324307818,0.12912905916882952
0,0.8,9.999716289940237,6.064367448448628,0.12127952708103287
0,0.8,9.999716289940237,6.165273572589439,0.11381010482651131
0,0.8,9.999716289940237,6.266179696730249,0.10670253719636953
0,0.8,9.999716289940237,6.3670858208710595,0.09994501340418754
0,0.8,9.999716289940237,6.46799194501187,0.09353119691347288
0,0.8,9.999716289940237,6.568898069152681,0.08745540233226458
0,0.8,9.999716289940237,6.6698041932934915,0.08170751160803019
0,0.8,9.999716289940237,6.770710317434301,0.07627167196448538
0,0.8,9.999716289940237,6.871616441575112,0.07112989307706827
0,0.8,9.999716289940237,6.972522565715923,0.06626701620111054
0,0.8,9.999716289940237,7.073428689856733,0.06167319145615636
0,0.8,9.999716289940237,7.174334813997543,0.05734216787201807
0,0.8,9.999716289940237,7.275240938138354,0.0532667631399988
0,0.8,9.999716289940237,7.3761470622791645,0.0494355838924215
0,0.8,9.999716289940237,7.477053186419975,0.04583388277331859
0,0.8,9.999716289940237,7.577959310560785,0.04244754071496644
0,0.8,9.999716289940237,7.678865434701596,0.039266605401899385
0,0.8,9.999716289940237,7.779771558842406,0.036286200316260814
0,0.8,9.999716289940237,7.880677682983217,0.03350489588668728
0,0.8,9.999716289940237,7.981583807124027,0.030922063472573112
0,0.8,9.999716289940237,8.082489931264838,0.028535612875776516
0,0.8,9.999716289940237,8.183396055405648,0.02634079989807125
0,0.8,9.999716289940237,8.284302179546458,0.024330061900698943
0,0.8,9.999716289940237,8.38520830368727,0.02249354719425962
0,0.8,9.999716289940237,8.48611442782808,0.02081989343271583
0,0.8,9.999716289940237,8.587020551968891,0.01929701011870002
0,0.8,9.999716289940237,8.6879266761097,0.017912695083121957
0,0.8,9.999716289940237,8.78883280025051,0.016655069628196913
0,0.8,9.999716289940237,8.889738924391322,0.015512845853533885
0,0.8,9.999716289940237,8.990645048532132,0.01447545842962205
0,0.8,9.999716289940237,9.091551172672942,0.013533126678016111
0,0.8,9.999716289940237,9.192457296813753,0.01267684894133847
0,0.8,9.999716289940237,9.293363420954563,0.011898378951506456
0,0.8,9.999716289940237,9.394269545095375,0.011190190041131665
0,0.8,9.999716289940237,9.495175669236184,0.010545425857735971
0,0.8,9.999716289940237,9.596081793376994,0.009957860051285546
0,0.8,9.999716289940237,9.696987917517806,0.009421849100872372
0,0.8,9.999716289940237,9.797894041658616,0.008932290428057871
0,0.8,9.999716289940237,9.898800165799427,0.008484579429516746
0,0.8,9.999716289940237,9.999706289940237,0.008074569603947538
1,0.9712857142857143,4.349925634523005,0.01,0.987442540153273
1,0.9712857142857143,4.349925634523005,0.05383753166184854,1.0024595097944733
1,0.9712857142857143,4.349925634523005,0.09767506332369708,1.000585246165291
1,0.9712857142857143,4.349925634523005,0.14151259498554564,1.0015300018196294
1,0.9712857142857143,4.349925634523005,0.18535012664739417,1.00127878821181
1,0.9712857142857143,4.349925634523005,0.2291876583092427,0.9993973230222847
1,0.9712857142857143,4.349925634523005,0.27302518997109126,0.9994006368507505
1,0.9712857142857143,4.349925634523005,0.31686272163293977,0.9993537093262007
1,0.9712857142857143,4.349925634523005,0.36070025329478833,0.999229998697894
1,0.9712857142857143,4.349925634523005,0.4045377849566369,0.9999003220471966
1,0.9712857142857143,4.349925634523005,0.4483753166184854,0.999419498396595
1,0.9712857142857143,4.349925634523005,0.49221284828033396,0.998413469923992
1,0.9712857142857143,4.349925634523005,0.5360503799421825,0.9973222117245439
1,0.9712857142857143,4.349925634523005,0.5798879116040311,0.9959089830155505
1,0.9712857142857143,4.349925634523005,0.6237254432658795,0.9940163605230611
1,0.9712857142857143,4.349925634523005,0.6675629749277281,0.9916921782123345
1,0.9712857142857143,4.349925634523005,0.7114005065895767,0.9888852541716345
1,0.9712857142857143,4.349925634523005,0.7552380382514252,0.9855962574753906
1,0.9712857142857143,4.349925634523005,0.7990755699132738,0.9818003906532884
1,0.9712857142857143,4.349925634523005,0.8429131015751222,0.9774541349491268
1,0.9712857142857143,4.349925634523005,0.8867506332369708,0.97259725088776
1,0.9712857142857143,4.349925634523005,0.9305881648988193,0.966949284661867
1,0.9712857142857143,4.349925634523005,0.9744256965606679,0.9609573292428044
1,0.9712857142857143,4.349925634523005,1.0182632282225164,0.9544473010699545
1,0.9712857142857143,4.349925634523005,1.062100759884365,0.9472924397265955
1,0.9712857142857143,4.349925634523005,1.1059382915462135,0.9395555967872339
1,0.9712857142857143,4.349925634523005,1.1497758232080622,0.9312637643989017
1,0.9712857142857143,4.349925634523005,1.1936133548699106,0.9224082260461076
1,0.9712857142857143,4.349925634523005,1.237450886531759,0.9130280108400003
1,0.9712857142857143,4.349925634523005,1.2812884181936077,0.903153239651282
1,0.9712857142857143,4.349925634523005,1.3251259498554562,0.8927759740505014
1,0.9712857142857143,4.349925634523005,1.3689634815173048,0.8819768906878415
1,0.9712857142857143,4.349925634523005,1.4128010131791533,0.8707499180359699
1,0.9712857142857143,4.349925634523005,1.4566385448410017,0.8591038953811169
1,0.9712857142857143,4.349925634523005,1.5004760765028504,0.8470663428623009
1,0.9712857142857143,4.349925634523005,1.5443136081646989,0.8346947456241707
1,0.9712857142857143,4.349925634523005,1.5881511398265475,0.8219033806844427
1,0.9712857142857143,4.349925634523005,1.631988671488396,0.8087751622971455
1,0.9712857142857143,4.349925634523005,1.6758262031502444,0.7953084556457795
1,0.9712857142857143,4.349925634523005,1.7196637348120931,0.7815415591704593
1,0.9712857142857143,4.349925634523005,1.7635012664739416,0.7675041847908176
1,0.9712857142857143,4.349925634523005,1.8073387981357902,0.7531926229515099
1,0.9712857142857143,4.349925634523005,1.8511763297976387,0.7386764789072424
1,0.9712857142857143,4.349925634523005,1.8950138614594871,0.7239497524432592
1,0.9712857142857143,4.349925634523005,1.9388513931213358,0.7090179728129545
1,0.9712857142857143,4.349925634523005,1.9826889247831843,0.6939003423910186
1,0.9712857142857143,4.349925634523005,2.0265264564450325,0.6786008810435095
1,0.9712857142857143,4.349925634523005,2.070363988106881,0.6631318911783797
1,0.9712857142857143,4.349925634523005,2.11420151976873,0.6475207612252629
1,0.9712857142857143,4.349925634523005,2.158039051430578,0.6317692451847675
1,0.9712857142857143,4.349925634523005,2.2018765830924267,0.615913479227548
1,0.9712857142857143,4.349925634523005,2.2457141147542754,0.5999703137235615
1,0.9712857142857143,4.349925634523005,2.289551646416124,0.5839578158985751
1,0.9712857142857143,4.349925634523005,2.3333891780779723,0.5678818276867532
1,0.9712857142857143,4.349925634523005,2.377226709739821,0.5517546376963615
1,0.9712857142857143,4.349925634523005,2.4210642414016696,0.535574648229387
1,0.9712857142857143,4.349925634523005,2.464901773063518,0.5193495656140883
1,0.9712857142857143,4.349925634523005,2.5087393047253665,0.5030945035595836
1,0.9712857142857143,4.349925634523005,2.552576836387215,0.4868331683670986
1,0.9712857142857143,4.349925634523005,2.5964143680490634,0.4705849087200312
1,0.9712857142857143,4.349925634523005,2.640251899710912,0.4543686094831039
1,0.9712857142857143,4.349925634523005,2.684089431372761,0.43819217858937237
1,0.9712857142857143,4.349925634523005,2.7279269630346095,0.4220546013862408
1,0.9712857142857143,4.349925634523005,2.7717644946964577,0.4059550465340044
1,0.9712857142857143,4.349925634523005,2.8156020263583064,0.38990248733831473
1,0.9712857142857143,4.349925634523005,2.859439558020155,0.37391822909955563
1,0.9712857142857143,4.349925634523005,2.9032770896820033,0.3580283729441736
1,0.9712857142857143,4.349925634523005,2.947114621343852,0.3422501093110995
1,0.9712857142857143,4.349925634523005,2.9909521530057006,0.326585601175588
1,0.9712857142857143,4.349925634523005,3.0347896846675493,0.311027899106613
1,0.9712857142857143,4.349925634523005,3.0786272163293975,0.2955811175251248
1,0.9712857142857143,4.349925634523005,3.122464747991246,0.280269545403478
1,0.9712857142857143,4.349925634523005,3.166302279653095,0.26512359375025996
1,0.9712857142857143,4.349925634523005,3.210139811314943,0.2501545365485807
1,0.9712857142857143,4.349925634523005,3.2539773429767918,0.23535213925445342
1,0.9712857142857143,4.349925634523005,3.2978148746386404,0.22071660526322218
1,0.9712857142857143,4.349925634523005,3.3416524063004887,0.20627990110508673
1,0.9712857142857143,4.349925634523005,3.3854899379623373,0.19207344942980642
1,0.9712857142857143,4.349925634523005,3.429327469624186,0.17809040903498208
1,0.9712857142857143,4.349925634523005,3.4731650012860347,0.1643244159635009
1,0.9712857142857143,4.349925634523005,3.517002532947883,0.15081661400525662
1,0.9712857142857143,4.349925634523005,3.5608400646097316,0.1375911571734501
1,0.9712857142857143,4.349925634523005,3.6046775962715802,0.12463387070172233
1,0.9712857142857143,4.349925634523005,3.6485151279334285,0.11205249745120367
1,0.9712857142857143,4.349925634523005,3.692352659595277,0.10014950662687815
1,0.9712857142857143,4.349925634523005,3.736190191257126,0.0892642992657062
1,0.9712857142857143,4.349925634523005,3.780027722918974,0.07959711464582998
1,0.9712857142857143,4.349925634523005,3.8238652545808227,0.0711705815797612
1,0.9712857142857143,4.349925634523005,3.8677027862426714,0.06388681694316391
1,0.9712857142857143,4.349925634523005,3.91154031790452,0.05759664446379765
1,0.9712857142857143,4.349925634523005,3.9553778495663683,0.05214503527404423
1,0.9712857142857143,4.349925634523005,3.999215381228217,0.047392613036195526
1,0.9712857142857143,4.349925634523005,4.043052912890065,0.043222401560896746
1,0.9712857142857143,4.349925634523005,4.086890444551914,0.03953950583356688
1,0.9712857142857143,4.349925634523005,4.1307279762137625,0.0362680982962397
1,0.9712857142857143,4.349925634523005,4.174565507875611,0.033347797528485275
1,0.9712857142857143,4.349925634523005,4.21840303953746,0.03073032202833598
1,0.9712857142857143,4.349925634523005,4.2622405711993085,0.028376692522901755
1,0.9712857142857143,4.349925634523005,4.306078102861156,0.026254990455406475
1,0.9712857142857143,4.349925634523005,4.349915634523005,0.024338664852070698
2,1.1425714285714286,2.1565089380919593,0.01,1.001690235397836
2,1.1425714285714286,2.1565089380919593,0.03168180745547434,1.0015498088516466
2,1.1425714285714286,2.1565089380919593,0.05336361491094868,0.999343000088937
2,1.1425714285714286,2.1565089380919593,0.07504542236642302,1.000377681453677
2,1.1425714285714286,2.1565089380919593,0.09672722982189735,1.0003691517632236
2,1.1425714285714286,2.1565089380919593,0.11840903727737169,1.0001416211075091
2,1.1425714285714286,2.1565089380919593,0.14009084473284605,1.000111537796525
2,1.1425714285714286,2.1565089380919593,0.16177265218832038,1.0001113601410216
2,1.1425714285714286,2.1565089380919593,0.18345445964379473,1.0001746673534297
2,1.1425714285714286,2.1565089380919593,0.20513626709926908,1.000171054792136
2,1.1425714285714286,2.1565089380919593,0.2268180745547434,1.0001529921373788
2,1.1425714285714286,2.1565089380919593,0.24849988201021775,1.0001282670456222
2,1.1425714285714286,2.1565089380919593,0.2701816894656921,1.000096819133424
2,1.1425714285714286,2.1565089380919593,0.2918634969211664,0.999773167598174
2,1.1425714285714286,2.1565089380919593,0.31354530437664074,0.9996437973719332
2,1.1425714285714286,2.1565089380919593,0.3352271118321151,0.9994213078287595
2,1.1425714285714286,2.1565089380919593,0.35690891928758944,0.9991518586557874
2,1.1425714285714286,2.1565089380919593,0.37859072674306377,0.9987906394958461
2,1.1425714285714286,2.1565089380919593,0.40027253419853814,0.9983288226375691
2,1.1425714285714286,2.1565089380919593,0.42195434165401247,0.9978079561969436
2,1.1425714285714286,2.1565089380919593,0.4436361491094868,0.9971008690376624
2,1.1425714285714286,2.1565089380919593,0.46531795656496117,0.9962524948853583
2,1.1425714285714286,2.1565089380919593,0.4869997640204355,0.9952708901398145
2,1.1425714285714286,2.1565089380919593,0.5086815714759098,0.9941428444500323
2,1.1425714285714286,2.1565089380919593,0.5303633789313842,0.9928625332676428
2,1.1425714285714286,2.1565089380919593,0.5520451863868585,0.9914422451212336
2,1.1425714285714286,2.1565089380919593,0.5737269938423328,0.9898465340228524
2,1.1425714285714286,2.1565089380919593,0.5954088012978072,0.9880860025908277
2,1.1425714285714286,2.1565089380919593,0.6170906087532815,0.9861555365916141
2,1.1425714285714286,2.1565089380919593,0.6387724162087559,0.9840197327563194
2,1.1425714285714286,2.1565089380919593,0.6604542236642302,0.9817326517671408
2,1.1425714285714286,2.1565089380919593,0.6821360311197046,0.979257495587476
2,1.1425714285714286,2.1565089380919593,0.7038178385751789,0.97659142228415
2,1.1425714285714286,2.1565089380919593,0.7254996460306532,0.9737794927138883
2,1.1425714285714286,2.1565089380919593,0.7471814534861275,0.9707007376354373
2,1.1425714285714286,2.1565089380919593,0.7688632609416018,0.9674083954015493
2,1.1425714285714286,2.1565089380919593,0.7905450683970763,0.9638900513004661
2,1.1425714285714286,2.1565089380919593,0.8122268758525506,0.9601560214634917
2,1.1425714285714286,2.1565089380919593,0.8339086833080249,0.9561954440328174
2,1.1425714285714286,2.1565089380919593,0.8555904907634992,0.9520048572308342
2,1.1425714285714286,2.1565089380919593,0.8772722982189736,0.9475984268996552
2,1.1425714285714286,2.1565089380919593,0.8989541056744479,0.9429451143736653
2,1.1425714285714286,2.1565089380919593,0.9206359131299223,0.9380580514337725
2,1.1425714285714286,2.1565089380919593,0.9423177205853966,0.9329362644208754
2,1.1425714285714286,2.1565089380919593,0.963999528040871,0.927550186202353
2,1.1425714285714286,2.1565089380919593,0.9856813354963453,0.9219546465298748
2,1.1425714285714286,2.1565089380919593,1.0073631429518195,0.9161222057222457
2,1.1425714285714286,2.1565089380919593,1.029044950407294,0.9100435351027448
2,1.1425714285714286,2.1565089380919593,1.0507267578627684,0.9037192142735042
2,1.1425714285714286,2.1565089380919593,1.0724085653182427,0.8971466785087393
2,1.1425714285714286,2.1565089380919593,1.094090372773717,0.8903166139361262
2,1.1425714285714286,2.1565089380919593,1.1157721802291913,0.8832406429268393
2,1.1425714285714286,2.1565089380919593,1.1374539876846657,0.8759108058133283
2,1.1425714285714286,2.1565089380919593,1.15913579514014,0.8683257979310515
2,1.1425714285714286,2.1565089380919593,1.1808176025956143,0.8605006811091839
2,1.1425714285714286,2.1565089380919593,1.2024994100510886,0.8524085853370117
2,1.1425714285714286,2.1565089380919593,1.224181217506563,0.8440630595839766
2,1.1425714285714286,2.1565089380919593,1.2458630249620373,0.8354640458396458
2,1.1425714285714286,2.1565089380919593,1.2675448324175118,0.8266100486396704
2,1.1425714285714286,2.1565089380919593,1.2892266398729861,0.817501646270234
2,1.1425714285714286,2.1565089380919593,1.3109084473284605,0.808128453579674
2,1.1425714285714286,2.1565089380919593,1.3325902547839348,0.7984889742238427
2,1.1425714285714286,2.1565089380919593,1.354272062239409,0.7885719933449861
2,1.1425714285714286,2.1565089380919593,1.3759538696948834,0.778384890766449
2,1.1425714285714286,2.1565089380919593,1.3976356771503577,0.7679167964406441
2,1.1425714285714286,2.1565089380919593,1.419317484605832,0.757166586729928
2,1.1425714285714286,2.1565089380919593,1.4409992920613064,0.7461314386109787
2,1.1425714285714286,2.1565089380919593,1.4626810995167807,0.7348091361765906
2,1.1425714285714286,2.1565089380919593,1.484362906972255,0.7231963584170331
2,1.1425714285714286,2.1565089380919593,1.5060447144277294,0.7112869944412031
2,1.1425714285714286,2.1565089380919593,1.5277265218832037,0.6990740267756809
2,1.1425714285714286,2.1565089380919593,1.5494083293386782,0.686539827027172
2,1.1425714285714286,2.1565089380919593,1.5710901367941525,0.6736734773456046
2,1.1425714285714286,2.1565089380919593,1.5927719442496269,0.6604619612987234
2,1.1425714285714286,2.1565089380919593,1.6144537517051012,0.6468939582273234
2,1.1425714285714286,2.1565089380919593,1.6361355591605755,0.6329619940972571
2,1.1425714285714286,2.1565089380919593,1.6578173666160498,0.6186551769759658
2,1.1425714285714286,2.1565089380919593,1.6794991740715242,0.6039583048136997
2,1.1425714285714286,2.1565089380919593,1.7011809815269985,0.5888466182235377
2,1.1425714285714286,2.1565089380919593,1.7228627889824728,0.5732883120235877
2,1.1425714285714286,2.1565089380919593,1.7445445964379471,0.5572492960935673
2,1.1425714285714286,2.1565089380919593,1.7662264038934214,0.5407015203600072
2,1.1425714285714286,2.1565089380919593,1.7879082113488958,0.5236182281883983
2,1.1425714285714286,2.1565089380919593,1.80959001880437,0.5059621875941821
2,1.1425714285714286,2.1565089380919593,1.8312718262598446,0.4876712919539138
2,1.1425714285714286,2.1565089380919593,1.852953633715319,0.4686652793746
2,1.1425714285714286,2.1565089380919593,1.8746354411707933,0.4488690323771662
2,1.1425714285714286,2.1565089380919593,1.8963172486262676,0.42820751624974407
2,1.1425714285714286,2.1565089380919593,1.917999056081742,0.40655202186756634
2,1.1425714285714286,2.1565089380919593,1.9396808635372162,0.383713974005235
2,1.1425714285714286,2.1565089380919593,1.9613626709926906,0.3595075198371636
2,1.1425714285714286,2.1565089380919593,1.983044478448165,0.33364186801084433
2,1.1425714285714286,2.1565089380919593,2.004726285903639,0.3056673228443236
2,1.1425714285714286,2.1565089380919593,2.0264080933591133,0.274977911147738
2,1.1425714285714286,2.1565089380919593,2.048089900814588,0.24107759913696894
2,1.1425714285714286,2.1565089380919593,2.069771708270062,0.20652133800778014
2,1.1425714285714286,2.1565089380919593,2.0914535157255365,0.17583290166733737
2,1.1425714285714286,2.1565089380919593,2.1131353231810106,0.15106118121492254
2,1.1425714285714286,2.1565089380919593,2.134817130636485,0.13174122407931416
2,1.1425714285714286,2.1565089380919593,2.1564989380919592,0.11664710083482688
3,1.313857142857143,1.310711767091713,0.01,0.9995756749251774
3,1.313857142857143,1.310711767091713,0.02313840168779508,1.0003139467765982
3,1.313857142857143,1.310711767091713,0.03627680337559016,1.0001310798972394
3,1.313857142857143,1.310711767091713,0.049415205063385245,1.0001123668555405
3,1.313857142857143,1.310711767091713,0.06255360675118032,0.9999304841506083
3,1.313857142857143,1.310711767091713,0.0756920084389754,0.9999295368269041
3,1.313857142857143,1.310711767091713,0.08883041012677048,0.9999257475500368
3,1.313857142857143,1.310711767091713,0.10196881181456556,0.9999104723165647
3,1.313857142857143,1.310711767091713,0.11510721350236064,0.9999713391884001
3,1.313857142857143,1.310711767091713,0.12824561519015573,0.9999712207680006
3,1.313857142857143,1.310711767091713,0.14138401687795082,0.9999708655068027
3,1.313857142857143,1.310711767091713,0.1545224185657459,0.9999687931521131
3,1.313857142857143,1.310711767091713,0.16766082025354098,0.9999658918550768
3,1.313857142857143,1.310711767091713,0.18079922194133605,0.9999635234201628
3,1.313857142857143,1.310711767091713,0.19393762362913114,0.9999441618349155
3,1.313857142857143,1.310711767091713,0.2070760253169262,0.9999385660025623
3,1.313857142857143,1.310711767091713,0.2202144270047213,0.9998744732356205
3,1.313857142857143,1.310711767091713,0.2333528286925164,0.9998838525743429
3,1.313857142857143,1.310711767091713,0.24649123038031145,0.9998097479993389
3,1.313857142857143,1.310711767091713,0.2596296320681065,0.9997073693513828
3,1.313857142857143,1.310711767091713,0.27276803375590164,0.9995706178161262
3,1.313857142857143,1.310711767091713,0.2859064354436967,0.9993938089831607
3,1.313857142857143,1.310711767091713,0.29904483713149177,0.9991713177432825
3,1.313857142857143,1.310711767091713,0.31218323881928683,0.9988969575406363
3,1.313857142857143,1.310711767091713,0.32532164050708196,0.9985676478359824
3,1.313857142857143,1.310711767091713,0.338460042194877,0.9981778539241007
3,1.313857142857143,1.310711767091713,0.3515984438826721,0.9977272429811378
3,1.313857142857143,1.310711767091713,0.3647368455704672,0.9971969656810156
3,1.313857142857143,1.310711767091713,0.37787524725826227,0.9966178243234571
3,1.313857142857143,1.310711767091713,0.39101364894605734,0.9959187843049453
3,1.313857142857143,1.310711767091713,0.4041520506338524,0.9951725862559725
3,1.313857142857143,1.310711767091713,0.4172904523216475,0.9943464322829725
3,1.313857142857143,1.310711767091713,0.4304288540094426,0.9934376895420713
3,1.313857142857143,1.310711767091713,0.44356725569723765,0.9924441215620137
3,1.313857142857143,1.310711767091713,0.45670565738503277,0.9913630521618896
3,1.313857142857143,1.310711767091713,0.46984405907282784,0.9901915777209566
3,1.313857142857143,1.310711767091713,0.4829824607606229,0.9889269072464075
3,1.313857142857143,1.310711767091713,0.49612086244841797,0.9875660465069054
3,1.313857142857143,1.310711767091713,0.509259264136213,0.9861049094099891
3,1.313857142857143,1.310711767091713,0.5223976658240082,0.9845419335558572
3,1.313857142857143,1.310711767091713,0.5355360675118033,0.9828728379206502
3,1.313857142857143,1.310711767091713,0.5486744691995983,0.9810977807532709
3,1.313857142857143,1.310711767091713,0.5618128708873934,0.9791983905010142
3,1.313857142857143,1.310711767091713,0.5749512725751885,0.977189580365689
3,1.313857142857143,1.310711767091713,0.5880896742629835,0.9750752161056468
3,1.313857142857143,1.310711767091713,0.6012280759507787,0.9728221858703355
3,1.313857142857143,1.310711767091713,0.6143664776385737,0.9704418075484122
3,1.313857142857143,1.310711767091713,0.6275048793263688,0.9679307442668721
3,1.313857142857143,1.310711767091713,0.6406432810141639,0.9652854471534065
3,1.313857142857143,1.310711767091713,0.6537816827019589,0.962502461482911
3,1.313857142857143,1.310711767091713,0.666920084389754,0.9595783497921149
3,1.313857142857143,1.310711767091713,0.6800584860775492,0.9565088723887992
3,1.313857142857143,1.310711767091713,0.6931968877653442,0.9532902584578785
3,1.313857142857143,1.310711767091713,0.7063352894531393,0.949917286662997
3,1.313857142857143,1.310711767091713,0.7194736911409344,0.9463871928786733
3,1.313857142857143,1.310711767091713,0.7326120928287294,0.9426940976352219
3,1.313857142857143,1.310711767091713,0.7457504945165245,0.9388366165610612
3,1.313857142857143,1.310711767091713,0.7588888962043197,0.9347949810347047
3,1.313857142857143,1.310711767091713,0.7720272978921147,0.9305814546418771
3,1.313857142857143,1.310711767091713,0.7851656995799098,0.9261834279512995
3,1.313857142857143,1.310711767091713,0.7983041012677048,0.9215948200782538
3,1.313857142857143,1.310711767091713,0.8114425029554999,0.91680963877974
3,1.313857142857143,1.310711767091713,0.824580904643295,0.911822054515658
3,1.313857142857143,1.310711767091713,0.83771930633109,0.9066252333126203
3,1.313857142857143,1.310711767091713,0.8508577080188852,0.9012126571289981
3,1.313857142857143,1.310711767091713,0.8639961097066803,0.8955766046882083
3,1.313857142857143,1.310711767091713,0.8771345113944753,0.8897077728831738
3,1.313857142857143,1.310711767091713,0.8902729130822704,0.8835989235235908
3,1.313857142857143,1.310711767091713,0.9034113147700655,0.8772389258115961
3,1.313857142857143,1.310711767091713,0.9165497164578605,0.8706197996640007
3,1.313857142857143,1.310711767091713,0.9296881181456557,0.8637226656999817
3,1.313857142857143,1.310711767091713,0.9428265198334507,0.8565375292225855
3,1.313857142857143,1.310711767091713,0.9559649215212458,0.849050431754863
3,1.313857142857143,1.310711767091713,0.9691033232090409,0.841246155998312
3,1.313857142857143,1.310711767091713,0.9822417248968359,0.8331084300822265
3,1.313857142857143,1.310711767091713,0.995380126584631,0.824619096594546
3,1.313857142857143,1.310711767091713,1.008518528272426,0.81575703801141
3,1.313857142857143,1.310711767091713,1.0216569299602212,0.8064977488448707
3,1.313857142857143,1.310711767091713,1.0347953316480163,0.7968142754316598
3,1.313857142857143,1.310711767091713,1.0479337333358114,0.7866734222184958
3,1.313857142857143,1.310711767091713,1.0610721350236065,0.7760382030977785
3,1.313857142857143,1.310711767091713,1.0742105367114014,0.7648673137225196
3,1.313857142857143,1.310711767091713,1.0873489383991966,0.753114153111596
3,1.313857142857143,1.310711767091713,1.1004873400869917,0.7407243072527246
3,1.313857142857143,1.310711767091713,1.1136257417747868,0.7276305527213258
3,1.313857142857143,1.310711767091713,1.126764143462582,0.713751685205589
3,1.313857142857143,1.310711767091713,1.139902545150377,0.6989847492945818
3,1.313857142857143,1.310711767091713,1.153040946838172,0.6832067549731091
3,1.313857142857143,1.310711767091713,1.166179348525967,0.66626847195049
3,1.313857142857143,1.310711767091713,1.1793177502137622,0.6479758652460623
3,1.313857142857143,1.310711767091713,1.1924561519015573,0.6280624912672969
3,1.313857142857143,1.310711767091713,1.2055945535893524,0.6061668353691616
3,1.313857142857143,1.310711767091713,1.2187329552771473,0.5817955779016194
3,1.313857142857143,1.310711767091713,1.2318713569649424,0.554191451283513
3,1.313857142857143,1.310711767091713,1.2450097586527376,0.522142262320741
3,1.313857142857143,1.310711767091713,1.2581481603405327,0.4835117434050179
3,1.313857142857143,1.310711767091713,1.2712865620283278,0.4338432999829677
3,1.313857142857143,1.310711767091713,1.284424963716123,0.3656853383007875
3,1.313857142857143,1.310711767091713,1.2975633654039178,0.2901641704400916
3,1.313857142857143,1.310711767091713,1.310701767091713,0.231076719710145
4,1.4851428571428573,0.8631440990359933,0.01,1.000121604740923
4,1.4851428571428573,0.8631440990359933,0.01861751615187872,0.9999198267513636
4,1.4851428571428573,0.8631440990359933,0.027235032303757442,0.999930247319514
4,1.4851428571428573,0.8631440990359933,0.03585254845563616,0.9999757207421122
4,1.4851428571428573,0.8631440990359933,0.04447006460751488,0.999972168131196
4,1.4851428571428573,0.8631440990359933,0.053087580759393606,1.0000318544825755
4,1.4851428571428573,0.8631440990359933,0.06170509691127232,1.0000015376252882
4,1.4851428571428573,0.8631440990359933,0.07032261306315103,1.0000166960539318
4,1.4851428571428573,0.8631440990359933,0.07894012921502976,1.0000129064467709
4,1.4851428571428573,0.8631440990359933,0.08755764536690848,1.000012788021463
4,1.4851428571428573,0.8631440990359933,0.0961751615187872,1.000012018257593
4,1.4851428571428573,0.8631440990359933,0.10479267767066591,0.9999817020016583
4,1.4851428571428573,0.8631440990359933,0.11341019382254464,0.9999814059475739
4,1.4851428571428573,0.8631440990359933,0.12202770997442336,0.9999960311656246
4,1.4851428571428573,0.8631440990359933,0.13064522612630208,0.9999872678826123
4,1.4851428571428573,0.8631440990359933,0.1392627422781808,0.9999847217981924
4,1.4851428571428573,0.8631440990359933,0.14788025843005953,0.9999839520281798
4,1.4851428571428573,0.8631440990359933,0.15649777458193825,0.9999761361115043
4,1.4851428571428573,0.8631440990359933,0.16511529073381698,0.9999636424871223
4,1.4851428571428573,0.8631440990359933,0.1737328068856957,0.9999436882617332
4,1.4851428571428573,0.8631440990359933,0.18235032303757442,0.9999161845417025
4,1.4851428571428573,0.8631440990359933,0.19096783918945312,0.9998776082879701
4,1.4851428571428573,0.8631440990359933,0.19958535534133184,0.999840687586394
4,1.4851428571428573,0.8631440990359933,0.20820287149321057,0.9997722973494293
4,1.4851428571428573,0.8631440990359933,0.2168203876450893,0.9996847815565976
4,1.4851428571428573,0.8631440990359933,0.22543790379696801,0.9995676925641009
4,1.4851428571428573,0.8631440990359933,0.23405541994884674,0.9994332817897881
4,1.4851428571428573,0.8631440990359933,0.24267293610072546,0.9992749765025053
4,1.4851428571428573,0.8631440990359933,0.25129045225260416,0.9990822717097364
4,1.4851428571428573,0.8631440990359933,0.2599079684044829,0.9988564978608686
4,1.4851428571428573,0.8631440990359933,0.2685254845563616,0.9985949025927646
4,1.4851428571428573,0.8631440990359933,0.27714300070824033,0.9982952370335263
4,1.4851428571428573,0.8631440990359933,0.28576051686011905,0.9979541598733841
4,1.4851428571428573,0.8631440990359933,0.2943780330119978,0.9975714046257413
4,1.4851428571428573,0.8631440990359933,0.3029955491638765,0.9971438104359602
4,1.4851428571428573,0.8631440990359933,0.3116130653157552,0.996669637114204
4,1.4851428571428573,0.8631440990359933,0.32023058146763395,0.9961465871934763
4,1.4851428571428573,0.8631440990359933,0.32884809761951267,0.9955728396547499
4,1.4851428571428573,0.8631440990359933,0.3374656137713914,0.9949390967938474
4,1.4851428571428573,0.8631440990359933,0.3460831299232701,0.9942581787888721
4,1.4851428571428573,0.8631440990359933,0.35470064607514884,0.9935207685621325
4,1.4851428571428573,0.8631440990359933,0.3633181622270275,0.9927286003874651
4,1.4851428571428573,0.8631440990359933,0.37193567837890623,0.991872026967375
4,1.4851428571428573,0.8631440990359933,0.38055319453078496,0.9909526333128154
4,1.4851428571428573,0.8631440990359933,0.3891707106826637,0.9899682974349858
4,1.4851428571428573,0.8631440990359933,0.3977882268345424,0.9889166498419367
4,1.4851428571428573,0.8631440990359933,0.4064057429864211,0.9877953103299175
4,1.4851428571428573,0.8631440990359933,0.41502325913829985,0.9866009245381171
4,1.4851428571428573,0.8631440990359933,0.4236407752901786,0.9853327336410597
4,1.4851428571428573,0.8631440990359933,0.4322582914420573,0.9839872828783918
4,1.4851428571428573,0.8631440990359933,0.440875807593936,0.9825619052300009
4,1.4851428571428573,0.8631440990359933,0.44949332374581474,0.9810537140374975
4,1.4851428571428573,0.8631440990359933,0.45811083989769347,0.9794595944572434
4,1.4851428571428573,0.8631440990359933,0.4667283560495722,0.9777764660255635
4,1.4851428571428573,0.8631440990359933,0.4753458722014509,0.9760011548212526
4,1.4851428571428573,0.8631440990359933,0.48396338835332964,0.9741303708108707
4,1.4851428571428573,0.8631440990359933,0.4925809045052083,0.9721641912931195
4,1.4851428571428573,0.8631440990359933,0.501198420657087,0.9700912388535102
4,1.4851428571428573,0.8631440990359933,0.5098159368089658,0.9679112044009153
4,1.4851428571428573,0.8631440990359933,0.5184334529608445,0.9656197334462437
4,1.4851428571428573,0.8631440990359933,0.5270509691127232,0.9632122001474198
4,1.4851428571428573,0.8631440990359933,0.535668485264602,0.9606826763195268
4,1.4851428571428573,0.8631440990359933,0.5442860014164806,0.9580277435287685
4,1.4851428571428573,0.8631440990359933,0.5529035175683594,0.955240821594733
4,1.4851428571428573,0.8631440990359933,0.5615210337202381,0.9523159134593656
4,1.4851428571428573,0.8631440990359933,0.5701385498721168,0.949246682017598
4,1.4851428571428573,0.8631440990359933,0.5787560660239955,0.9460256475817411
4,1.4851428571428573,0.8631440990359933,0.5873735821758742,0.942645771471993
4,1.4851428571428573,0.8631440990359933,0.595991098327753,0.9390984283060291
4,1.4851428571428573,0.8631440990359933,0.6046086144796317,0.9353752513473964
4,1.4851428571428573,0.8631440990359933,0.6132261306315104,0.9314661308084152
4,1.4851428571428573,0.8631440990359933,0.6218436467833891,0.9273603258230143
4,1.4851428571428573,0.8631440990359933,0.6304611629352679,0.9230460536461224
4,1.4851428571428573,0.8631440990359933,0.6390786790871466,0.9185093010219656
4,1.4851428571428573,0.8631440990359933,0.6476961952390253,0.9137372311234965
4,1.4851428571428573,0.8631440990359933,0.656313711390904,0.9087127220940141
4,1.4851428571428573,0.8631440990359933,0.6649312275427828,0.9034179616931575
4,1.4851428571428573,0.8631440990359933,0.6735487436946614,0.8978321006473589
4,1.4851428571428573,0.8631440990359933,0.6821662598465402,0.8919324391525365
4,1.4851428571428573,0.8631440990359933,0.6907837759984189,0.8856925738004215
4,1.4851428571428573,0.8631440990359933,0.6994012921502977,0.879082670077818
4,1.4851428571428573,0.8631440990359933,0.7080188083021763,0.8720662695479574
4,1.4851428571428573,0.8631440990359933,0.716636324454055,0.8646041142227644
4,1.4851428571428573,0.8631440990359933,0.7252538406059338,0.8566471283778638
4,1.4851428571428573,0.8631440990359933,0.7338713567578125,0.8481384517727073
4,1.4851428571428573,0.8631440990359933,0.7424888729096912,0.839008299624688
4,1.4851428571428573,0.8631440990359933,0.7511063890615699,0.8291730108808176
4,1.4851428571428573,0.8631440990359933,0.7597239052134487,0.8185281065063335
4,1.4851428571428573,0.8631440990359933,0.7683414213653273,0.8069410439244812
4,1.4851428571428573,0.8631440990359933,0.7769589375172061,0.7942408242778073
4,1.4851428571428573,0.8631440990359933,0.7855764536690848,0.7802023191762639
4,1.4851428571428573,0.8631440990359933,0.7941939698209636,0.7645172184163211
4,1.4851428571428573,0.8631440990359933,0.8028114859728422,0.7467460407990025
4,1.4851428571428573,0.8631440990359933,0.811429002124721,0.7262326832300414
4,1.4851428571428573,0.8631440990359933,0.8200465182765997,0.7019259352712098
4,1.4851428571428573,0.8631440990359933,0.8286640344284785,0.6719630811734032
4,1.4851428571428573,0.8631440990359933,0.8372815505803571,0.6325057903413273
4,1.4851428571428573,0.8631440990359933,0.8458990667322358,0.5732807388308725
4,1.4851428571428573,0.8631440990359933,0.8545165828841146,0.47170834281805635
4,1.4851428571428573,0.8631440990359933,0.8631340990359934,0.35360915657331327
5,1.6564285714285716,0.5885250782542008,0.01,0.9999965628450452
5,1.6564285714285716,0.5885250782542008,0.01584358664903233,1.0000373021544475
5,1.6564285714285716,0.5885250782542008,0.02168717329806466,0.9999984586022869
5,1.6564285714285716,0.5885250782542008,0.027530759947096993,0.999987090189185
5,1.6564285714285716,0.5885250782542008,0.033374346596129326,0.9999795111992485
5,1.6564285714285716,0.5885250782542008,0.03921793324516166,0.999997511458315
5,1.6564285714285716,0.5885250782542008,0.045061519894193984,0.9999977483053404
5,1.6564285714285716,0.5885250782542008,0.05090510654322632,0.9999901692346251
5,1.6564285714285716,0.5885250782542008,0.05674869319225865,1.0000053274909422
5,1.6564285714285716,0.5885250782542008,0.06259227984129098,1.0000081696855434
5,1.6564285714285716,0.5885250782542008,0.06843586649032331,1.0000081696855434
5,1.6564285714285716,0.5885250782542008,0.07427945313935563,1.0000005905358438
5,1.6564285714285716,0.5885250782542008,0.08012303978838796,1.0000008273835983
5,1.6564285714285716,0.5885250782542008,0.0859666264374203,1.000000649747782
5,1.6564285714285716,0.5885250782542008,0.09181021308645262,1.0000043208985303
5,1.6564285714285716,0.5885250782542008,0.09765379973548496,1.0000030774443385
5,1.6564285714285716,0.5885250782542008,0.10349738638451729,0.9999948470049925
5,1.6564285714285716,0.5885250782542008,0.10934097303354962,0.9999937219834857
5,1.6564285714285716,0.5885250782542008,0.11518455968258196,0.9999917087871051
5,1.6564285714285716,0.5885250782542008,0.12102814633161428,0.9999884521459012
5,1.6564285714285716,0.5885250782542008,0.12687173298064663,0.9999832415199744
5,1.6564285714285716,0.5885250782542008,0.13271531962967895,0.9999754255810848
5,1.6564285714285716,0.5885250782542008,0.13855890627871129,0.9999681424309994
5,1.6564285714285716,0.5885250782542008,0.14440249292774363,0.9999523920664859
5,1.6564285714285716,0.5885250782542008,0.15024607957677594,0.9999298324125034
5,1.6564285714285716,0.5885250782542008,0.15608966622580828,0.9999014699516692
5,1.6564285714285716,0.5885250782542008,0.16193325287484062,0.9998649066566955
5,1.6564285714285716,0.5885250782542008,0.16777683952387296,0.9998185734264695
5,1.6564285714285716,0.5885250782542008,0.17362042617290527,0.9997609603856414
5,1.6564285714285716,0.5885250782542008,0.1794640128219376,0.9996904688625962
5,1.6564285714285716,0.5885250782542008,0.18530759947096995,0.9996055594051683
5,1.6564285714285716,0.5885250782542008,0.19115118612000226,0.9995046038199047
5,1.6564285714285716,0.5885250782542008,0.1969947727690346,0.9993897020595612
5,1.6564285714285716,0.5885250782542008,0.20283835941806694,0.9992516806806542
5,1.6564285714285716,0.5885250782542008,0.20868194606709925,0.9990926996491
5,1.6564285714285716,0.5885250782542008,0.2145255327161316,0.9989114568654557
5,1.6564285714285716,0.5885250782542008,0.22036911936516393,0.9987048170781858
5,1.6564285714285716,0.5885250782542008,0.22621270601419624,0.9984734014220457
5,1.6564285714285716,0.5885250782542008,0.23205629266322858,0.9982149334522216
5,1.6564285714285716,0.5885250782542008,0.23789987931226092,0.9979274635049072
5,1.6564285714285716,0.5885250782542008,0.24374346596129326,0.9976098707726851
5,1.6564285714285716,0.5885250782542008,0.24958705261032557,0.9972600905516106
5,1.6564285714285716,0.5885250782542008,0.2554306392593579,0.9968772712514783
5,1.6564285714285716,0.5885250782542008,0.2612742259083902,0.9964594417612684
5,1.6564285714285716,0.5885250782542008,0.26711781255742256,0.9960051357710276
5,1.6564285714285716,0.5885250782542008,0.2729613992064549,0.9955128021285373
5,1.6564285714285716,0.5885250782542008,0.27880498585548724,0.9949808938346903
5,1.6564285714285716,0.5885250782542008,0.2846485725045196,0.9944074563763543
5,1.6564285714285716,0.5885250782542008,0.29049215915355187,0.9937900712280917
5,1.6564285714285716,0.5885250782542008,0.2963357458025842,0.9931287092929469
5,1.6564285714285716,0.5885250782542008,0.30217933245161654,0.992420670577057
5,1.6564285714285716,0.5885250782542008,0.3080229191006489,0.9916640592605712
5,1.6564285714285716,0.5885250782542008,0.3138665057496812,0.9908564303982992
5,1.6564285714285716,0.5885250782542008,0.31971009239871356,0.9899962018077427
5,1.6564285714285716,0.5885250782542008,0.3255536790477459,0.9890808940891515
5,1.6564285714285716,0.5885250782542008,0.3313972656967782,0.9881082020944038
5,1.6564285714285716,0.5885250782542008,0.3372408523458105,0.9870757339496348
5,1.6564285714285716,0.5885250782542008,0.34308443899484287,0.9859807485616667
5,1.6564285714285716,0.5885250782542008,0.3489280256438752,0.9848205394374719
5,1.6564285714285716,0.5885250782542008,0.35477161229290755,0.9835922449201867
5,1.6564285714285716,0.5885250782542008,0.3606151989419399,0.982291660931173
5,1.6564285714285716,0.5885250782542008,0.36645878559097217,0.9809173584227193
5,1.6564285714285716,0.5885250782542008,0.3723023722400045,0.9794646217636857
5,1.6564285714285716,0.5885250782542008,0.37814595888903685,0.9779302229558962
5,1.6564285714285716,0.5885250782542008,0.3839895455380692,0.9763090297198208
5,1.6564285714285716,0.5885250782542008,0.3898331321871015,0.9745967241898441
5,1.6564285714285716,0.5885250782542008,0.39567671883613387,0.972788804962873
5,1.6564285714285716,0.5885250782542008,0.4015203054851662,0.9708794859973734
5,1.6564285714285716,0.5885250782542008,0.4073638921341985,0.9688632043244819
5,1.6564285714285716,0.5885250782542008,0.41320747878323083,0.9667336671829694
5,1.6564285714285716,0.5885250782542008,0.41905106543226317,0.9644835490005621
5,1.6564285714285716,0.5885250782542008,0.4248946520812955,0.9621040556960404
5,1.6564285714285716,0.5885250782542008,0.43073823873032785,0.9595894001170184
5,1.6564285714285716,0.5885250782542008,0.4365818253793602,0.9569282275982703
5,1.6564285714285716,0.5885250782542008,0.4424254120283925,0.9541109089690575
5,1.6564285714285716,0.5885250782542008,0.4482689986774248,0.9511247135484893
5,1.6564285714285716,0.5885250782542008,0.45411258532645715,0.9479568415481794
5,1.6564285714285716,0.5885250782542008,0.4599561719754895,0.9445920441781526
5,1.6564285714285716,0.5885250782542008,0.46579975862452183,0.941013306058334
5,1.6564285714285716,0.5885250782542008,0.47164334527355417,0.9372008765174172
5,1.6564285714285716,0.5885250782542008,0.4774869319225865,0.9331323771452507
5,1.6564285714285716,0.5885250782542008,0.4833305185716188,0.9287809647367706
5,1.6564285714285716,0.5885250782542008,0.48917410522065113,0.9241164147598825
5,1.6564285714285716,0.5885250782542008,0.4950176918696835,0.9191013887026571
5,1.6564285714285716,0.5885250782542008,0.5008612785187158,0.9136925267667142
5,1.6564285714285716,0.5885250782542008,0.5067048651677482,0.9078368147531387
5,1.6564285714285716,0.5885250782542008,0.5125484518167804,0.9014687554042077
5,1.6564285714285716,0.5885250782542008,0.5183920384658128,0.8945068123578541
5,1.6564285714285716,0.5885250782542008,0.5242356251148451,0.8868473125624785
5,1.6564285714285716,0.5885250782542008,0.5300792117638775,0.8783549978978127
5,1.6564285714285716,0.5885250782542008,0.5359227984129098,0.8688490610176625
5,1.6564285714285716,0.5885250782542008,0.5417663850619421,0.858079214446027
5,1.6564285714285716,0.5885250782542008,0.5476099717109745,0.8456847091040008
5,1.6564285714285716,0.5885250782542008,0.5534535583600068,0.8311153644864844
5,1.6564285714285716,0.5885250782542008,0.5592971450090392,0.8134691717820336
5,1.6564285714285716,0.5885250782542008,0.5651407316580714,0.791098072142783
5,1.6564285714285716,0.5885250782542008,0.5709843183071037,0.76043790595832
5,1.6564285714285716,0.5885250782542008,0.5768279049561361,0.7116005591403358
5,1.6564285714285716,0.5885250782542008,0.5826714916051684,0.6188304309751919
5,1.6564285714285716,0.5885250782542008,0.5885150782542008,0.4809981269500558
6,1.8277142857142858,0.40429228583814236,0.01,0.9999880375530542
6,1.8277142857142858,0.40429228583814236,0.013982649351900429,0.9999994062210574
6,1.8277142857142858,0.40429228583814236,0.017965298703800855,1.0000098276185376
6,1.8277142857142858,0.40429228583814236,0.021947948055701286,1.000006038037405
6,1.8277142857142858,0.40429228583814236,0.02593059740760171,0.9999984589038612
6,1.8277142857142858,0.40429228583814236,0.02991324675950214,1.00000130107894
6,1.8277142857142858,0.40429228583814236,0.03389589611140257,0.999993721981298
6,1.8277142857142858,0.40429228583814236,0.03787854546330299,0.9999939588274259
6,1.8277142857142858,0.40429228583814236,0.04186119481520342,0.9999968009897151
6,1.8277142857142858,0.40429228583814236,0.04584384416710385,0.9999968009897151
6,1.8277142857142858,0.40429228583814236,0.04982649351900428,0.9999968009897151
6,1.8277142857142858,0.40429228583814236,0.05380914287090471,1.000000590550204
6,1.8277142857142858,0.40429228583814236,0.05779179222280514,1.000000590550204
6,1.8277142857142858,0.40429228583814236,0.06177444157470556,0.9999996431600817
6,1.8277142857142858,0.40429228583814236,0.06575709092660599,1.0000036695797698
6,1.8277142857142858,0.40429228583814236,0.0697397402785064,1.0000036695797698
6,1.8277142857142858,0.40429228583814236,0.07372238963040684,1.0000035511555556
6,1.8277142857142858,0.40429228583814236,0.07770503898230727,1.0000033143071274
6,1.8277142857142858,0.40429228583814236,0.0816876883342077,1.0000030774586994
6,1.8277142857142858,0.40429228583814236,0.08567033768610811,1.0000016563698138
6,1.8277142857142858,0.40429228583814236,0.08965298703800854,1.0000008866131513
6,1.8277142857142858,0.40429228583814236,0.09363563638990897,0.9999996431600817
6,1.8277142857142858,0.40429228583814236,0.0976182857418094,0.9999976891624008
6,1.8277142857142858,0.40429228583814236,0.10160093509370983,0.9999947877719055
6,1.8277142857142858,0.40429228583814236,0.10558358444561027,0.9999908205616738
6,1.8277142857142858,0.40429228583814236,0.10956623379751068,0.9999849585672433
6,1.8277142857142858,0.40429228583814236,0.11354888314941111,0.9999759583617966
6,1.8277142857142858,0.40429228583814236,0.11753153250131154,0.9999654186211484
6,1.8277142857142858,0.40429228583814236,0.12151418185321197,0.9999513853810295
6,1.8277142857142858,0.40429228583814236,0.1254968312051124,0.9999335033725854
6,1.8277142857142858,0.40429228583814236,0.12947948055701283,0.9999110028385426
6,1.8277142857142858,0.40429228583814236,0.13346212990891326,0.9998832324575583
6,1.8277142857142858,0.40429228583814236,0.1374447792608137,0.9998493040690023
6,1.8277142857142858,0.40429228583814236,0.14142742861271412,0.9998084479488301
6,1.8277142857142858,0.40429228583814236,0.14541007796461455,0.9997587695929785
6,1.8277142857142858,0.40429228583814236,0.14939272731651498,0.9997010976554512
6,1.8277142857142858,0.40429228583814236,0.15337537666841541,0.9996340113034585
6,1.8277142857142858,0.40429228583814236,0.15735802602031584,0.9995560009221838
6,1.8277142857142858,0.40429228583814236,0.16134067537221625,0.9994662378416159
6,1.8277142857142858,0.40429228583814236,0.16532332472411668,0.9993636271546535
6,1.8277142857142858,0.40429228583814236,0.1693059740760171,0.999247547493851
6,1.8277142857142858,0.40429228583814236,0.17328862342791754,0.9991167267386283
6,1.8277142857142858,0.40429228583814236,0.17727127277981797,0.9989699523966884
6,1.8277142857142858,0.40429228583814236,0.1812539221317184,0.9988052731472745
6,1.8277142857142858,0.40429228583814236,0.18523657148361883,0.9986237840941338
6,1.8277142857142858,0.40429228583814236,0.18921922083551926,0.9984231207857542
6,1.8277142857142858,0.40429228583814236,0.1932018701874197,0.9982020140310132
6,1.8277142857142858,0.40429228583814236,0.19718451953932012,0.9979599639169058
6,1.8277142857142858,0.40429228583814236,0.20116716889122055,0.9976954666491444
6,1.8277142857142858,0.40429228583814236,0.20514981824312095,0.9974069610128227
6,1.8277142857142858,0.40429228583814236,0.20913246759502138,0.9970935670745897
6,1.8277142857142858,0.40429228583814236,0.2131151169469218,0.9967538747002433
6,1.8277142857142858,0.40429228583814236,0.21709776629882224,0.9963856799790535
6,1.8277142857142858,0.40429228583814236,0.22108041565072267,0.9959892302694476
6,1.8277142857142858,0.40429228583814236,0.2250630650026231,0.9955623858407757
6,1.8277142857142858,0.40429228583814236,0.22904571435452353,0.9951034536386376
6,1.8277142857142858,0.40429228583814236,0.23302836370642396,0.9946108917516819
6,1.8277142857142858,0.40429228583814236,0.2370110130583244,0.994082780448182
6,1.8277142857142858,0.40429228583814236,0.24099366241022482,0.9935180591836195
6,1.8277142857142858,0.40429228583814236,0.24497631176212523,0.9929139650303132
6,1.8277142857142858,0.40429228583814236,0.24895896111402566,0.9922690389172105
6,1.8277142857142858,0.40429228583814236,0.25294161046592606,0.9915806524862026
6,1.8277142857142858,0.40429228583814236,0.2569242598178265,0.990846304844713
6,1.8277142857142858,0.40429228583814236,0.260906909169727,0.9900642394859527
6,1.8277142857142858,0.40429228583814236,0.2648895585216274,0.9892314790394209
6,1.8277142857142858,0.40429228583814236,0.2688722078735278,0.9883447090596564
6,1.8277142857142858,0.40429228583814236,0.27285485722542824,0.9874009829618802
6,1.8277142857142858,0.40429228583814236,0.27683750657732864,0.9863968458304511
6,1.8277142857142858,0.40429228583814236,0.2808201559292291,0.9853284835196736
6,1.8277142857142858,0.40429228583814236,0.2848028052811295,0.9841918442510019
6,1.8277142857142858,0.40429228583814236,0.28878545463302996,0.9829820010456138
6,1.8277142857142858,0.40429228583814236,0.29276810398493036,0.9816939740575367
6,1.8277142857142858,0.40429228583814236,0.2967507533368308,0.9803222408294211
6,1.8277142857142858,0.40429228583814236,0.3007334026887312,0.9788601915854275
6,1.8277142857142858,0.40429228583814236,0.3047160520406317,0.9773010278038647
6,1.8277142857142858,0.40429228583814236,0.3086987013925321,0.9756367545167648
6,1.8277142857142858,0.40429228583814236,0.3126813507444325,0.9738580396380715
6,1.8277142857142858,0.40429228583814236,0.31666400009633294,0.971955013184174
6,1.8277142857142858,0.40429228583814236,0.32064664944823335,0.9699157292481619
6,1.8277142857142858,0.40429228583814236,0.3246292988001338,0.9677259574136008
6,1.8277142857142858,0.40429228583814236,0.3286119481520342,0.965370055868334
6,1.8277142857142858,0.40429228583814236,0.33259459750393466,0.9628296820143102
6,1.8277142857142858,0.40429228583814236,0.33657724685583507,0.9600817524031013
6,1.8277142857142858,0.40429228583814236,0.3405598962077355,0.9571003603217662
6,1.8277142857142858,0.40429228583814236,0.3445425455596359,0.9538530409333331
6,1.8277142857142858,0.40429228583814236,0.3485251949115364,0.9502994056784604
6,1.8277142857142858,0.40429228583814236,0.3525078442634368,0.9463899067044005
6,1.8277142857142858,0.40429228583814236,0.3564904936153372,0.9420611938249237
6,1.8277142857142858,0.40429228583814236,0.36047314296723765,0.937229701780781
6,1.8277142857142858,0.40429228583814236,0.36445579231913805,0.931784753419139
6,1.8277142857142858,0.40429228583814236,0.3684384416710385,0.9255722747689531
6,1.8277142857142858,0.40429228583814236,0.3724210910229389,0.9183699561913128
6,1.8277142857142858,0.40429228583814236,0.37640374037483937,0.9098410445673857
6,1.8277142857142858,0.40429228583814236,0.38038638972673977,0.8994366897691618
6,1.8277142857142858,0.40429228583814236,0.38436903907864023,0.8861842075041524
6,1.8277142857142858,0.40429228583814236,0.38835168843054063,0.8681719553242384
6,1.8277142857142858,0.40429228583814236,0.3923343377824411,0.8412847894889157
6,1.8277142857142858,0.40429228583814236,0.3963169871343415,0.7967378211598368
6,1.8277142857142858,0.40429228583814236,0.4002996364862419,0.7210444298801224
6,1.8277142857142858,0.40429228583814236,0.40428228583814235,0.6125146711562555
7,1.999,0.271733437338668,0.01,1.0000069854192246
7,1.999,0.271733437338668,0.01264367108422897,0.9999956167368602
7,1.999,0.271733437338668,0.01528734216845794,0.9999908798277604
7,1.999,0.271733437338668,0.01793101325268691,0.9999946693658106
7,1.999,0.271733437338668,0.02057468433691588,0.9999984589182219
7,1.999,0.271733437338668,0.023218355421144848,0.999997511530119
7,1.999,0.271733437338668,0.025862026505373815,1.0000013010933007
7,1.999,0.271733437338668,0.028505697589602787,1.0000050906708433
7,1.999,0.271733437338668,0.031149368673831758,1.0000041432764577
7,1.999,0.271733437338668,0.03379303975806073,1.0000041432764577
7,1.999,0.271733437338668,0.036436710842289693,1.0000043801250542
7,1.999,0.271733437338668,0.039080381926518665,1.0000043801250542
7,1.999,0.271733437338668,0.041724053010747636,1.0000034327313414
7,1.999,0.271733437338668,0.04436772409497661,1.0000034327313414
7,1.999,0.271733437338668,0.04701139517920557,1.0000034327313414
7,1.999,0.271733437338668,0.04965506626343454,1.0000034327313414
7,1.999,0.271733437338668,0.052298737347663514,1.0000024853385265
7,1.999,0.271733437338668,0.054942408431892485,1.0000024853385265
7,1.999,0.271733437338668,0.057586079516121456,1.0000027221867305
7,1.999,0.271733437338668,0.06022975060035042,1.0000026037626286
7,1.999,0.271733437338668,0.06287342168457939,1.0000016563705991
7,1.999,0.271733437338668,0.06551709276880836,1.0000015379466094
7,1.999,0.271733437338668,0.06816076385303732,1.00000130109863
7,1.999,0.271733437338668,0.07080443493726629,1.000000945826661
7,1.999,0.271733437338668,0.07344810602149526,1.0000004129187074
7,1.999,0.271733437338668,0.07609177710572423,0.9999986957735498
7,1.999,0.271733437338668,0.0787354481899532,0.9999976891705913
7,1.999,0.271733437338668,0.08137911927418218,0.9999962088721228
7,1.999,0.271733437338668,0.08402279035841113,0.9999943140893257
7,1.999,0.271733437338668,0.0866664614426401,0.9999907021690144
7,1.999,0.271733437338668,0.08931013252686908,0.9999870310314212
7,1.999,0.271733437338668,0.09195380361109805,0.9999820572363222
7,1.999,0.271733437338668,0.09459747469532702,0.9999760768361754
7,1.999,0.271733437338668,0.09724114577955599,0.9999683200832445
7,1.999,0.271733437338668,0.09988481686378496,0.9999577804137337
7,1.999,0.271733437338668,0.10252848794801393,0.9999458196460952
7,1.999,0.271733437338668,0.1051721590322429,0.9999313127884549
7,1.999,0.271733437338668,0.10781583011647186,0.9999139637805309
7,1.999,0.271733437338668,0.11045950120070083,0.9998932989573569
7,1.999,0.271733437338668,0.1131031722849298,0.9998689038422276
7,1.999,0.271733437338668,0.11574684336915878,0.9998403048056651
7,1.999,0.271733437338668,0.11839051445338775,0.999806909791903
7,1.999,0.271733437338668,0.12103418553761672,0.9997683635872775
7,1.999,0.271733437338668,0.12367785662184569,0.9997241926229384
7,1.999,0.271733437338668,0.12632152770607466,0.9996736273445277
7,1.999,0.271733437338668,0.12896519879030363,0.9996162534728485
7,1.999,0.271733437338668,0.1316088698745326,0.9995517751529316
7,1.999,0.271733437338668,0.13425254095876157,0.9994788903756715
7,1.999,0.271733437338668,0.13689621204299054,0.9993976586529036
7,1.999,0.271733437338668,0.13953988312721952,0.9993074292102642
7,1.999,0.271733437338668,0.1421835542114485,0.9992069007927996
7,1.999,0.271733437338668,0.14482722529567746,0.9990955415003167
7,1.999,0.271733437338668,0.14747089637990643,0.9989730268417024
7,1.999,0.271733437338668,0.1501145674641354,0.9988382635122621
7,1.999,0.271733437338668,0.15275823854836437,0.9986903953610564
7,1.999,0.271733437338668,0.15540190963259334,0.9985285372594196
7,1.999,0.271733437338668,0.1580455807168223,0.9983521001850044
7,1.999,0.271733437338668,0.16068925180105126,0.9981598161472532
7,1.999,0.271733437338668,0.16333292288528023,0.997950890902357
7,1.999,0.271733437338668,0.1659765939695092,0.9977244127868112
7,1.999,0.271733437338668,0.16862026505373817,0.9974791467225268
7,1.999,0.271733437338668,0.17126393613796714,0.9972132091648067
7,1.999,0.271733437338668,0.17390760722219611,0.9969261657907812
7,1.999,0.271733437338668,0.17655127830642509,0.9966164914247281
7,1.999,0.271733437338668,0.17919494939065406,0.996281896423486
7,1.999,0.271733437338668,0.18183862047488303,0.995921834787907
7,1.999,0.271733437338668,0.184482291559112,0.9955334929588848
7,1.999,0.271733437338668,0.18712596264334097,0.9951160660024356
7,1.999,0.271733437338668,0.18976963372756994,0.994665600948115
7,1.999,0.271733437338668,0.1924133048117989,0.9941810677389945
7,1.999,0.271733437338668,0.19505697589602788,0.9936588221606178
7,1.999,0.271733437338668,0.19770064698025686,0.9930968177731424
7,1.999,0.271733437338668,0.20034431806448583,0.9924898423302995
7,1.999,0.271733437338668,0.20298798914871477,0.991835547825663
7,1.999,0.271733437338668,0.20563166023294374,0.9911280182287666
7,1.999,0.271733437338668,0.2082753313171727,0.9903626487763727
7,1.999,0.271733437338668,0.21091900240140168,0.9895325418642101
7,1.999,0.271733437338668,0.21356267348563066,0.988630128268261
7,1.999,0.271733437338668,0.21620634456985963,0.9876468256785387
7,1.999,0.271733437338668,0.2188500156540886,0.9865712938819301
7,1.999,0.271733437338668,0.22149368673831757,0.9853905696560626
7,1.999,0.271733437338668,0.22413735782254654,0.9840874618823122
7,1.999,0.271733437338668,0.2267810289067755,0.9826420519698891
7,1.999,0.271733437338668,0.22942469999100448,0.9810269137250222
7,1.999,0.271733437338668,0.23206837107523345,0.9792092089822927
7,1.999,0.271733437338668,0.23471204215946243,0.9771429771922145
7,1.999,0.271733437338668,0.2373557132436914,0.9747690090052057
7,1.999,0.271733437338668,0.23999938432792037,0.97200621360302
7,1.999,0.271733437338668,0.2426430554121493,0.9687438838177929
7,1.999,0.271733437338668,0.24528672649637828,0.9648260709281208
7,1.999,0.271733437338668,0.24793039758060725,0.9600310475504331
7,1.999,0.271733437338668,0.2505740686648362,0.9540380045372542
7,1.999,0.271733437338668,0.2532177397490652,0.9463785340050432
7,1.999,0.271733437338668,0.25586141083329417,0.9363621314902888
7,1.999,0.271733437338668,0.25850508191752314,0.9229773669994353
7,1.999,0.271733437338668,0.2611487530017521,0.9047760008084802
7,1.999,0.271733437338668,0.2637924240859811,0.8798033480413656
7,1.999,0.271733437338668,0.26643609517021005,0.8457383452949888
7,1.999,0.271733437338668,0.269079766254439,0.8005284372347796
7,1.999,0.271733437338668,0.271723437338668,0.7436888078624055
